"","X","hospital_name","provider_id","state","measure_name","number_of_discharges","footnote","excess_readmission_ratio","predicted_readmission_rate","expected_readmission_rate","number_of_readmissions","start_date","end_date","address","city","zip_code","county_name","phone_number","hospital_type","emergency_services","meets_criteria_for_meaningful_use_of_ehrs","hospital_overall_rating","mortality_national_comparison","safety_of_care_national_comparison","safety_of_care_national_comparison_footnote","readmission_national_comparison","patient_experience_national_comparison","effectiveness_of_care_national_comparison","timeliness_of_care_national_comparison","efficient_use_of_medical_imaging_national_comparison","location_city","location.type","long","lat","location_address","location_zip","location_state","hospital_overall_rating_footnote","mortality_national_comparison_footnote","readmission_national_comparison_footnote","patient_experience_national_comparison_footnote","efficient_use_of_medical_imaging_national_comparison_footnote","timeliness_of_care_national_comparison_footnote","effectiveness_of_care_national_comparison_footnote"
"1",807,"PINNACLE HOSPITAL",150166,"IN","COPD",NA,"5 - Results are not available for this reporting period.",0.9942,17.2783,17.3796,NA,"07/01/2014","06/30/2017","9301 CONNECTICUT DR","CROWN POINT",46307,"LAKE",2197562100,"Acute Care Hospitals",FALSE,NA,4,"Same as the national average","Above the national average",NA,"Same as the national average","Above the national average",NA,NA,NA,"CROWN POINT","Point",-87.330069,41.449118,"9301 CONNECTICUT DR",46307,"IN",NA,NA,NA,NA,"Results are not available for this reporting period.","There are too few measures or measure groups reported to calculate a star rating or measure group score.","Results are not available for this reporting period."
"2",808,"PINNACLE HOSPITAL",150166,"IN","HF",NA,"5 - Results are not available for this reporting period.",0.9851,16.3846,16.6321,NA,"07/01/2014","06/30/2017","9301 CONNECTICUT DR","CROWN POINT",46307,"LAKE",2197562100,"Acute Care Hospitals",FALSE,NA,4,"Same as the national average","Above the national average",NA,"Same as the national average","Above the national average",NA,NA,NA,"CROWN POINT","Point",-87.330069,41.449118,"9301 CONNECTICUT DR",46307,"IN",NA,NA,NA,NA,"Results are not available for this reporting period.","There are too few measures or measure groups reported to calculate a star rating or measure group score.","Results are not available for this reporting period."
"3",809,"PINNACLE HOSPITAL",150166,"IN","HIP_KNEE",NA,"5 - Results are not available for this reporting period.",1.0329,4.1005,3.9698,NA,"07/01/2014","06/30/2017","9301 CONNECTICUT DR","CROWN POINT",46307,"LAKE",2197562100,"Acute Care Hospitals",FALSE,NA,4,"Same as the national average","Above the national average",NA,"Same as the national average","Above the national average",NA,NA,NA,"CROWN POINT","Point",-87.330069,41.449118,"9301 CONNECTICUT DR",46307,"IN",NA,NA,NA,NA,"Results are not available for this reporting period.","There are too few measures or measure groups reported to calculate a star rating or measure group score.","Results are not available for this reporting period."
"4",810,"PINNACLE HOSPITAL",150166,"IN","PN",NA,"5 - Results are not available for this reporting period.",0.9577,15.2693,15.9433,NA,"07/01/2014","06/30/2017","9301 CONNECTICUT DR","CROWN POINT",46307,"LAKE",2197562100,"Acute Care Hospitals",FALSE,NA,4,"Same as the national average","Above the national average",NA,"Same as the national average","Above the national average",NA,NA,NA,"CROWN POINT","Point",-87.330069,41.449118,"9301 CONNECTICUT DR",46307,"IN",NA,NA,NA,NA,"Results are not available for this reporting period.","There are too few measures or measure groups reported to calculate a star rating or measure group score.","Results are not available for this reporting period."
"5",1656,"LAFAYETTE GENERAL SURGICAL HOSPITAL",190268,"LA","HIP_KNEE",NA,"5 - Results are not available for this reporting period.",1.1506,4.2261,3.673,NA,"07/01/2014","06/30/2017","1000 W PINHOOK RD SUITE 100","LAFAYETTE",70503,"LAFAYETTE",3372898095,"Acute Care Hospitals",FALSE,TRUE,NA,NA,NA,"Results are not available for this reporting period.",NA,NA,NA,NA,NA,"LAFAYETTE","Point",-92.013468,30.204253,"1000 W PINHOOK RD SUITE 100",70503,"LA","There are too few measures or measure groups reported to calculate a star rating or measure group score.","There are too few measures or measure groups reported to calculate a star rating or measure group score.","Results are not available for this reporting period.","There are too few measures or measure groups reported to calculate a star rating or measure group score.","There are too few measures or measure groups reported to calculate a star rating or measure group score.","There are too few measures or measure groups reported to calculate a star rating or measure group score.","Results are not available for this reporting period."
"6",1854,"SALINA SURGICAL HOSPITAL",170187,"KS","HIP_KNEE",869,NA,0.8327,2.8438,3.4154,21,"07/01/2014","06/30/2017","401 SOUTH SANTA FE AVENUE","SALINA",67401,"SALINE",7858270610,"Acute Care Hospitals",FALSE,TRUE,5,NA,NA,"Results are not available for this reporting period.","Above the national average","Above the national average","Same as the national average",NA,NA,"SALINA","Point",-97.609162,38.834346,"401 SOUTH SANTA FE AVENUE",67401,"KS",NA,"There are too few measures or measure groups reported to calculate a star rating or measure group score.",NA,NA,"There are too few measures or measure groups reported to calculate a star rating or measure group score.","There are too few measures or measure groups reported to calculate a star rating or measure group score.",NA
"7",2195,"SOUTHERN SURGICAL HOSPITAL",190270,"LA","HIP_KNEE",NA,"5 - Results are not available for this reporting period.",1.007,4.3379,4.3079,NA,"07/01/2014","06/30/2017","1700 W LINDBERG DRIVE","SLIDELL",70458,"ST. TAMMANY",9856410600,"Acute Care Hospitals",FALSE,TRUE,NA,NA,NA,"Results are not available for this reporting period.",NA,"Above the national average",NA,NA,NA,"SLIDELL","Point",-89.754498,30.273779,"1700 W LINDBERG DRIVE",70458,"LA","There are too few measures or measure groups reported to calculate a star rating or measure group score.","There are too few measures or measure groups reported to calculate a star rating or measure group score.","Results are not available for this reporting period.",NA,"There are too few measures or measure groups reported to calculate a star rating or measure group score.","There are too few measures or measure groups reported to calculate a star rating or measure group score.","Results are not available for this reporting period."
"8",2771,"OKLAHOMA SURGICAL HOSPITAL, LLC",370210,"OK","HIP_KNEE",1801,NA,0.7881,3.1571,4.0059,52,"07/01/2014","06/30/2017","2408 EAST 81ST STREET, SUITE 300","TULSA",74137,"TULSA",9184775095,"Acute Care Hospitals",TRUE,TRUE,5,NA,"Above the national average",NA,"Above the national average","Above the national average","Same as the national average",NA,NA,"TULSA","Point",-95.95518,36.046322,"2408 EAST 81ST STREET, SUITE 300",74137,"OK",NA,"There are too few measures or measure groups reported to calculate a star rating or measure group score.",NA,NA,"Results are not available for this reporting period.","Results are not available for this reporting period.",NA
"9",3581,"ALLIANCE HEALTHCARE SYSTEM",250012,"MS","COPD",NA,"5 - Results are not available for this reporting period.",0.9914,14.3705,14.4955,NA,"07/01/2014","06/30/2017","1430 HIGHWAY 4 EAST / P O BOX 6000","HOLLY SPRINGS",38635,"MARSHALL",6622521212,"Acute Care Hospitals",TRUE,NA,2,"Same as the national average",NA,"Results are not available for this reporting period.","Below the national average",NA,"Same as the national average","Same as the national average",NA,"HOLLY SPRINGS","Point",-89.415027,34.786835,"1430 HIGHWAY 4 EAST / P O BOX 6000",38635,"MS",NA,NA,NA,"There are too few measures or measure groups reported to calculate a star rating or measure group score.","There are too few measures or measure groups reported to calculate a star rating or measure group score.",NA,NA
"10",3582,"ALLIANCE HEALTHCARE SYSTEM",250012,"MS","HF",NA,"5 - Results are not available for this reporting period.",1.0235,18.0628,17.6481,NA,"07/01/2014","06/30/2017","1430 HIGHWAY 4 EAST / P O BOX 6000","HOLLY SPRINGS",38635,"MARSHALL",6622521212,"Acute Care Hospitals",TRUE,NA,2,"Same as the national average",NA,"Results are not available for this reporting period.","Below the national average",NA,"Same as the national average","Same as the national average",NA,"HOLLY SPRINGS","Point",-89.415027,34.786835,"1430 HIGHWAY 4 EAST / P O BOX 6000",38635,"MS",NA,NA,NA,"There are too few measures or measure groups reported to calculate a star rating or measure group score.","There are too few measures or measure groups reported to calculate a star rating or measure group score.",NA,NA
"11",3584,"ALLIANCE HEALTHCARE SYSTEM",250012,"MS","PN",52,NA,1.0797,14.6136,13.5353,12,"07/01/2014","06/30/2017","1430 HIGHWAY 4 EAST / P O BOX 6000","HOLLY SPRINGS",38635,"MARSHALL",6622521212,"Acute Care Hospitals",TRUE,NA,2,"Same as the national average",NA,"Results are not available for this reporting period.","Below the national average",NA,"Same as the national average","Same as the national average",NA,"HOLLY SPRINGS","Point",-89.415027,34.786835,"1430 HIGHWAY 4 EAST / P O BOX 6000",38635,"MS",NA,NA,NA,"There are too few measures or measure groups reported to calculate a star rating or measure group score.","There are too few measures or measure groups reported to calculate a star rating or measure group score.",NA,NA
"12",3756,"KANSAS SPINE & SPECIALTY HOSPITAL, LLC",170196,"KS","HIP_KNEE",NA,"5 - Results are not available for this reporting period.",0.9459,4.2099,4.4505,NA,"07/01/2014","06/30/2017","3333 NORTH WEBB ROAD","WICHITA",67226,"SEDGWICK",3164625326,"Acute Care Hospitals",FALSE,TRUE,NA,NA,NA,"Results are not available for this reporting period.",NA,"Above the national average",NA,NA,NA,"WICHITA","Point",-97.226326,37.743966,"3333 NORTH WEBB ROAD",67226,"KS","There are too few measures or measure groups reported to calculate a star rating or measure group score.","There are too few measures or measure groups reported to calculate a star rating or measure group score.","Results are not available for this reporting period.",NA,"Results are not available for this reporting period.","There are too few measures or measure groups reported to calculate a star rating or measure group score.","Results are not available for this reporting period."
"13",3817,"SUGAR LAND SURGICAL HOSPITAL LLP",450860,"TX","HIP_KNEE",NA,"5 - Results are not available for this reporting period.",1.0853,3.746,3.4515,NA,"07/01/2014","06/30/2017","16906 SOUTHWEST FREEWAY","SUGAR LAND",77479,"FORT BEND",2812431000,"Acute Care Hospitals",TRUE,TRUE,5,NA,NA,"Results are not available for this reporting period.","Same as the national average","Above the national average","Same as the national average",NA,NA,"SUGAR LAND","Point",-95.636696,29.590609,"16906 SOUTHWEST FREEWAY",77479,"TX",NA,"There are too few measures or measure groups reported to calculate a star rating or measure group score.",NA,NA,"There are too few measures or measure groups reported to calculate a star rating or measure group score.","Results are not available for this reporting period.",NA
"14",3829,"NORTHWEST SURGICAL HOSPITAL",370192,"OK","HIP_KNEE",NA,"5 - Results are not available for this reporting period.",0.8986,2.6929,2.9969,NA,"07/01/2014","06/30/2017","9204 NORTH MAY AVENUE","OKLAHOMA CITY",73120,"OKLAHOMA",4058481918,"Acute Care Hospitals",TRUE,NA,NA,NA,NA,"Results are not available for this reporting period.",NA,NA,NA,NA,NA,"OKLAHOMA CITY","Point",-97.567159,35.564166,"9204 NORTH MAY AVENUE",73120,"OK","There are too few measures or measure groups reported to calculate a star rating or measure group score.","There are too few measures or measure groups reported to calculate a star rating or measure group score.","Results are not available for this reporting period.","There are too few measures or measure groups reported to calculate a star rating or measure group score.","Results are not available for this reporting period.","There are too few measures or measure groups reported to calculate a star rating or measure group score.","Results are not available for this reporting period."
"15",4220,"NACOGDOCHES MEDICAL CENTER",450656,"TX","AMI",136,NA,1.0443,14.9733,14.3375,23,"07/01/2014","06/30/2017","4920 NE STALLINGS DRIVE","NACOGDOCHES",75961,"NACOGDOCHES",9365699481,"Acute Care Hospitals",TRUE,TRUE,3,"Same as the national average","Above the national average",NA,"Same as the national average","Same as the national average","Same as the national average","Above the national average","Same as the national average","NACOGDOCHES","Point",-94.654265,31.652058,"4920 NE STALLINGS DRIVE",75961,"TX",NA,NA,NA,NA,NA,NA,NA
"16",4317,"NACOGDOCHES MEDICAL CENTER",450656,"TX","COPD",236,NA,1.0346,19.2533,18.609,48,"07/01/2014","06/30/2017","4920 NE STALLINGS DRIVE","NACOGDOCHES",75961,"NACOGDOCHES",9365699481,"Acute Care Hospitals",TRUE,TRUE,3,"Same as the national average","Above the national average",NA,"Same as the national average","Same as the national average","Same as the national average","Above the national average","Same as the national average","NACOGDOCHES","Point",-94.654265,31.652058,"4920 NE STALLINGS DRIVE",75961,"TX",NA,NA,NA,NA,NA,NA,NA
"17",4318,"NACOGDOCHES MEDICAL CENTER",450656,"TX","HF",138,NA,0.9322,18.3777,19.715,21,"07/01/2014","06/30/2017","4920 NE STALLINGS DRIVE","NACOGDOCHES",75961,"NACOGDOCHES",9365699481,"Acute Care Hospitals",TRUE,TRUE,3,"Same as the national average","Above the national average",NA,"Same as the national average","Same as the national average","Same as the national average","Above the national average","Same as the national average","NACOGDOCHES","Point",-94.654265,31.652058,"4920 NE STALLINGS DRIVE",75961,"TX",NA,NA,NA,NA,NA,NA,NA
"18",4319,"NACOGDOCHES MEDICAL CENTER",450656,"TX","HIP_KNEE",NA,"5 - Results are not available for this reporting period.",1.0197,4.7302,4.6386,NA,"07/01/2014","06/30/2017","4920 NE STALLINGS DRIVE","NACOGDOCHES",75961,"NACOGDOCHES",9365699481,"Acute Care Hospitals",TRUE,TRUE,3,"Same as the national average","Above the national average",NA,"Same as the national average","Same as the national average","Same as the national average","Above the national average","Same as the national average","NACOGDOCHES","Point",-94.654265,31.652058,"4920 NE STALLINGS DRIVE",75961,"TX",NA,NA,NA,NA,NA,NA,NA
"19",4320,"NACOGDOCHES MEDICAL CENTER",450656,"TX","PN",225,NA,0.9662,14.6756,15.1887,31,"07/01/2014","06/30/2017","4920 NE STALLINGS DRIVE","NACOGDOCHES",75961,"NACOGDOCHES",9365699481,"Acute Care Hospitals",TRUE,TRUE,3,"Same as the national average","Above the national average",NA,"Same as the national average","Same as the national average","Same as the national average","Above the national average","Same as the national average","NACOGDOCHES","Point",-94.654265,31.652058,"4920 NE STALLINGS DRIVE",75961,"TX",NA,NA,NA,NA,NA,NA,NA
"20",4368,"MANHATTAN SURGICAL HOSPITAL LLC",170190,"KS","HIP_KNEE",380,NA,0.9533,3.1503,3.3046,11,"07/01/2014","06/30/2017","1829 COLLEGE AVENUE","MANHATTAN",66502,"RILEY",7857765100,"Acute Care Hospitals",FALSE,TRUE,5,NA,NA,"Results are not available for this reporting period.","Same as the national average","Above the national average","Same as the national average",NA,NA,"MANHATTAN","Point",-96.598183,39.202826,"1829 COLLEGE AVENUE",66502,"KS",NA,"There are too few measures or measure groups reported to calculate a star rating or measure group score.",NA,NA,"There are too few measures or measure groups reported to calculate a star rating or measure group score.","There are too few measures or measure groups reported to calculate a star rating or measure group score.",NA
"21",5700,"BAYLOR SCOTT AND WHITE SURGICAL HOSPITAL AT SHERMA",670076,"TX","HIP_KNEE",222,NA,1.1626,4.4637,3.8393,13,"07/01/2014","06/30/2017","3601 CALAIS DRIVE","SHERMAN",75090,"GRAYSON",9038133728,"Acute Care Hospitals",TRUE,TRUE,5,NA,NA,"Results are not available for this reporting period.","Above the national average","Above the national average","Same as the national average","Same as the national average","Below the national average","SHERMAN","Point",-96.602527,33.67686,"3601 CALAIS DRIVE",75090,"TX",NA,"There are too few measures or measure groups reported to calculate a star rating or measure group score.",NA,NA,NA,NA,NA
"22",5778,"HOUSTON PHYSICIANS' HOSPITAL",670008,"TX","HIP_KNEE",323,NA,1.1368,4.1414,3.643,16,"07/01/2014","06/30/2017","333 N TEXAS AVENUE","WEBSTER",77598,"HARRIS",2813351700,"Acute Care Hospitals",TRUE,NA,NA,NA,NA,"Results are not available for this reporting period.",NA,"Above the national average","Same as the national average","Same as the national average",NA,"WEBSTER","Point",-95.125785,29.534902,"333 N TEXAS AVENUE",77598,"TX","There are too few measures or measure groups reported to calculate a star rating or measure group score.","There are too few measures or measure groups reported to calculate a star rating or measure group score.","Results are not available for this reporting period.",NA,"Results are not available for this reporting period.",NA,NA
"23",6006,"CHARLESTON SURGICAL HOSPITAL",510091,"WV","HIP_KNEE",NA,"5 - Results are not available for this reporting period.",1.0436,3.1031,2.9734,NA,"07/01/2014","06/30/2017","1306 KANAWHA BOULEVARD EAST","CHARLESTON",25301,"KANAWHA",3043434371,"Acute Care Hospitals",FALSE,NA,NA,NA,NA,"Results are not available for this reporting period.","Same as the national average",NA,"Same as the national average",NA,NA,"CHARLESTON","Point",-81.630662,38.342991,"1306 KANAWHA BOULEVARD EAST",25301,"WV","There are too few measures or measure groups reported to calculate a star rating or measure group score.","There are too few measures or measure groups reported to calculate a star rating or measure group score.",NA,"There are too few measures or measure groups reported to calculate a star rating or measure group score.","There are too few measures or measure groups reported to calculate a star rating or measure group score.","There are too few measures or measure groups reported to calculate a star rating or measure group score.",NA
"24",6545,"KANSAS SURGERY & RECOVERY CENTER",170183,"KS","HIP_KNEE",1558,NA,0.798,2.99,3.7471,42,"07/01/2014","06/30/2017","2770 NORTH WEBB ROAD","WICHITA",67226,"SEDGWICK",3166340090,"Acute Care Hospitals",FALSE,NA,NA,NA,NA,"Results are not available for this reporting period.",NA,"Above the national average",NA,NA,NA,"WICHITA","Point",-97.226256,37.732911,"2770 NORTH WEBB ROAD",67226,"KS","There are too few measures or measure groups reported to calculate a star rating or measure group score.","There are too few measures or measure groups reported to calculate a star rating or measure group score.","Results are not available for this reporting period.",NA,"There are too few measures or measure groups reported to calculate a star rating or measure group score.","There are too few measures or measure groups reported to calculate a star rating or measure group score.","Results are not available for this reporting period."
"25",7141,"WADLEY REGIONAL MEDICAL CENTER",450200,"TX","AMI",152,NA,1.0064,15.5322,15.4338,24,"07/01/2014","06/30/2017","1000 PINE STREET","TEXARKANA",75501,"BOWIE",9037988000,"Acute Care Hospitals",TRUE,TRUE,3,"Same as the national average","Same as the national average",NA,"Above the national average","Same as the national average","Same as the national average","Below the national average","Below the national average","TEXARKANA","Point",-94.047188,33.428482,"1000 PINE STREET",75501,"TX",NA,NA,NA,NA,NA,NA,NA
"26",7142,"WADLEY REGIONAL MEDICAL CENTER",450200,"TX","CABG",NA,"5 - Results are not available for this reporting period.",1.0301,12.5061,12.141,NA,"07/01/2014","06/30/2017","1000 PINE STREET","TEXARKANA",75501,"BOWIE",9037988000,"Acute Care Hospitals",TRUE,TRUE,3,"Same as the national average","Same as the national average",NA,"Above the national average","Same as the national average","Same as the national average","Below the national average","Below the national average","TEXARKANA","Point",-94.047188,33.428482,"1000 PINE STREET",75501,"TX",NA,NA,NA,NA,NA,NA,NA
"27",7143,"WADLEY REGIONAL MEDICAL CENTER",450200,"TX","COPD",285,NA,1.0897,20.5316,18.8413,65,"07/01/2014","06/30/2017","1000 PINE STREET","TEXARKANA",75501,"BOWIE",9037988000,"Acute Care Hospitals",TRUE,TRUE,3,"Same as the national average","Same as the national average",NA,"Above the national average","Same as the national average","Same as the national average","Below the national average","Below the national average","TEXARKANA","Point",-94.047188,33.428482,"1000 PINE STREET",75501,"TX",NA,NA,NA,NA,NA,NA,NA
"28",7144,"WADLEY REGIONAL MEDICAL CENTER",450200,"TX","HF",367,NA,1.0117,21.8667,21.614,81,"07/01/2014","06/30/2017","1000 PINE STREET","TEXARKANA",75501,"BOWIE",9037988000,"Acute Care Hospitals",TRUE,TRUE,3,"Same as the national average","Same as the national average",NA,"Above the national average","Same as the national average","Same as the national average","Below the national average","Below the national average","TEXARKANA","Point",-94.047188,33.428482,"1000 PINE STREET",75501,"TX",NA,NA,NA,NA,NA,NA,NA
"29",7145,"WADLEY REGIONAL MEDICAL CENTER",450200,"TX","HIP_KNEE",NA,"5 - Results are not available for this reporting period.",1.1221,4.5431,4.0486,NA,"07/01/2014","06/30/2017","1000 PINE STREET","TEXARKANA",75501,"BOWIE",9037988000,"Acute Care Hospitals",TRUE,TRUE,3,"Same as the national average","Same as the national average",NA,"Above the national average","Same as the national average","Same as the national average","Below the national average","Below the national average","TEXARKANA","Point",-94.047188,33.428482,"1000 PINE STREET",75501,"TX",NA,NA,NA,NA,NA,NA,NA
"30",7146,"WADLEY REGIONAL MEDICAL CENTER",450200,"TX","PN",456,NA,0.9794,16.2803,16.6225,73,"07/01/2014","06/30/2017","1000 PINE STREET","TEXARKANA",75501,"BOWIE",9037988000,"Acute Care Hospitals",TRUE,TRUE,3,"Same as the national average","Same as the national average",NA,"Above the national average","Same as the national average","Same as the national average","Below the national average","Below the national average","TEXARKANA","Point",-94.047188,33.428482,"1000 PINE STREET",75501,"TX",NA,NA,NA,NA,NA,NA,NA
"31",7157,"PHYSICIAN'S CARE SURGICAL HOSPITAL",390324,"PA","HIP_KNEE",644,NA,0.9039,2.6446,2.9259,15,"07/01/2014","06/30/2017","454 ENTERPRISE DRIVE","ROYERSFORD",19468,"MONTGOMERY",6104954793,"Acute Care Hospitals",FALSE,TRUE,NA,NA,NA,"Results are not available for this reporting period.",NA,"Above the national average",NA,NA,NA,"ROYERSFORD","Point",-75.553707,40.216786,"454 ENTERPRISE DRIVE",19468,"PA","There are too few measures or measure groups reported to calculate a star rating or measure group score.","There are too few measures or measure groups reported to calculate a star rating or measure group score.","Results are not available for this reporting period.",NA,"There are too few measures or measure groups reported to calculate a star rating or measure group score.","There are too few measures or measure groups reported to calculate a star rating or measure group score.","Results are not available for this reporting period."
"32",7373,"ORTHOINDY HOSPITAL",150160,"IN","HIP_KNEE",1716,NA,0.9064,3.2049,3.5356,53,"07/01/2014","06/30/2017","8400 NORTHWEST BLVD","INDIANAPOLIS",46278,"MARION",3179561000,"Acute Care Hospitals",FALSE,NA,NA,NA,NA,"Results are not available for this reporting period.",NA,"Above the national average",NA,NA,NA,"INDIANAPOLIS","Point",-86.266258,39.906702,"8400 NORTHWEST BLVD",46278,"IN","There are too few measures or measure groups reported to calculate a star rating or measure group score.","There are too few measures or measure groups reported to calculate a star rating or measure group score.","Results are not available for this reporting period.",NA,"Results are not available for this reporting period.","There are too few measures or measure groups reported to calculate a star rating or measure group score.","Results are not available for this reporting period."
"33",7481,"UNITY MEDICAL AND SURGICAL HOSPITAL",150177,"IN","HIP_KNEE",NA,"5 - Results are not available for this reporting period.",1.0001,4.5436,4.5432,NA,"07/01/2014","06/30/2017","4455 EDISON LAKES PKWY","MISHAWAKA",46545,"ST. JOSEPH",5742316800,"Acute Care Hospitals",FALSE,TRUE,NA,NA,NA,"Results are not available for this reporting period.",NA,"Above the national average","Same as the national average",NA,NA,"MISHAWAKA","Point",-86.176781,41.700723,"4455 EDISON LAKES PKWY",46545,"IN","There are too few measures or measure groups reported to calculate a star rating or measure group score.","There are too few measures or measure groups reported to calculate a star rating or measure group score.","Results are not available for this reporting period.",NA,"Results are not available for this reporting period.","There are too few measures or measure groups reported to calculate a star rating or measure group score.",NA
"34",7680,"SUMMIT SURGICAL, LLC",170198,"KS","HIP_KNEE",NA,"5 - Results are not available for this reporting period.",0.9577,3.3242,3.471,NA,"07/01/2014","06/30/2017","1818 EAST 23RD AVENUE","HUTCHINSON",67502,"RENO",6206626000,"Acute Care Hospitals",FALSE,NA,NA,NA,NA,"Results are not available for this reporting period.",NA,NA,NA,NA,NA,"HUTCHINSON","Point",-97.888595,38.07953,"1818 EAST 23RD AVENUE",67502,"KS","There are too few measures or measure groups reported to calculate a star rating or measure group score.","There are too few measures or measure groups reported to calculate a star rating or measure group score.","Results are not available for this reporting period.","There are too few measures or measure groups reported to calculate a star rating or measure group score.","There are too few measures or measure groups reported to calculate a star rating or measure group score.","There are too few measures or measure groups reported to calculate a star rating or measure group score.","Results are not available for this reporting period."
"35",7889,"CENTRAL LOUISIANA SURGICAL HOSPITAL",190298,"LA","HIP_KNEE",834,NA,0.9486,3.9668,4.1816,32,"07/01/2014","06/30/2017","651 NORTH BOLTON AVE","ALEXANDRIA",71301,"RAPIDES",3184496400,"Acute Care Hospitals",FALSE,TRUE,5,NA,NA,"Results are not available for this reporting period.","Same as the national average","Above the national average","Same as the national average",NA,"Below the national average","ALEXANDRIA","Point",-92.467478,31.315236,"651 NORTH BOLTON AVE",71301,"LA",NA,"There are too few measures or measure groups reported to calculate a star rating or measure group score.",NA,NA,NA,"There are too few measures or measure groups reported to calculate a star rating or measure group score.",NA
"36",8417,"SPECIALISTS HOSPITAL SHREVEPORT",190278,"LA","HIP_KNEE",688,NA,1.0776,4.2826,3.9741,31,"07/01/2014","06/30/2017","1500 LINE AVENUE","SHREVEPORT",71101,"CADDO",3182133800,"Acute Care Hospitals",FALSE,TRUE,NA,NA,NA,"Results are not available for this reporting period.",NA,"Above the national average",NA,NA,NA,"SHREVEPORT","Point",-93.746046,32.496926,"1500 LINE AVENUE",71101,"LA","There are too few measures or measure groups reported to calculate a star rating or measure group score.","There are too few measures or measure groups reported to calculate a star rating or measure group score.","Results are not available for this reporting period.",NA,"There are too few measures or measure groups reported to calculate a star rating or measure group score.","There are too few measures or measure groups reported to calculate a star rating or measure group score.","Results are not available for this reporting period."
"37",8809,"DOCTORS HOSPITAL AT RENAISSANCE",450869,"TX","AMI",201,NA,0.9688,16.9188,17.4629,32,"07/01/2014","06/30/2017","5501 SOUTH MCCOLL","EDINBURG",78539,"HIDALGO",9563628677,"Acute Care Hospitals",TRUE,TRUE,2,"Same as the national average","Below the national average",NA,"Below the national average","Below the national average","Same as the national average","Below the national average","Below the national average","EDINBURG","Point",-98.204109,26.252424,"5501 SOUTH MCCOLL",78539,"TX",NA,NA,NA,NA,NA,NA,NA
"38",8810,"DOCTORS HOSPITAL AT RENAISSANCE",450869,"TX","CABG",200,NA,1.1126,16.0718,14.4457,35,"07/01/2014","06/30/2017","5501 SOUTH MCCOLL","EDINBURG",78539,"HIDALGO",9563628677,"Acute Care Hospitals",TRUE,TRUE,2,"Same as the national average","Below the national average",NA,"Below the national average","Below the national average","Same as the national average","Below the national average","Below the national average","EDINBURG","Point",-98.204109,26.252424,"5501 SOUTH MCCOLL",78539,"TX",NA,NA,NA,NA,NA,NA,NA
"39",8811,"DOCTORS HOSPITAL AT RENAISSANCE",450869,"TX","COPD",293,NA,0.8892,16.9644,19.0792,41,"07/01/2014","06/30/2017","5501 SOUTH MCCOLL","EDINBURG",78539,"HIDALGO",9563628677,"Acute Care Hospitals",TRUE,TRUE,2,"Same as the national average","Below the national average",NA,"Below the national average","Below the national average","Same as the national average","Below the national average","Below the national average","EDINBURG","Point",-98.204109,26.252424,"5501 SOUTH MCCOLL",78539,"TX",NA,NA,NA,NA,NA,NA,NA
"40",8812,"DOCTORS HOSPITAL AT RENAISSANCE",450869,"TX","HF",576,NA,1.0036,23.2229,23.1397,134,"07/01/2014","06/30/2017","5501 SOUTH MCCOLL","EDINBURG",78539,"HIDALGO",9563628677,"Acute Care Hospitals",TRUE,TRUE,2,"Same as the national average","Below the national average",NA,"Below the national average","Below the national average","Same as the national average","Below the national average","Below the national average","EDINBURG","Point",-98.204109,26.252424,"5501 SOUTH MCCOLL",78539,"TX",NA,NA,NA,NA,NA,NA,NA
"41",8813,"DOCTORS HOSPITAL AT RENAISSANCE",450869,"TX","HIP_KNEE",NA,"5 - Results are not available for this reporting period.",0.8322,4.243,5.0988,NA,"07/01/2014","06/30/2017","5501 SOUTH MCCOLL","EDINBURG",78539,"HIDALGO",9563628677,"Acute Care Hospitals",TRUE,TRUE,2,"Same as the national average","Below the national average",NA,"Below the national average","Below the national average","Same as the national average","Below the national average","Below the national average","EDINBURG","Point",-98.204109,26.252424,"5501 SOUTH MCCOLL",78539,"TX",NA,NA,NA,NA,NA,NA,NA
"42",8814,"DOCTORS HOSPITAL AT RENAISSANCE",450869,"TX","PN",514,NA,0.9343,17.1477,18.3534,84,"07/01/2014","06/30/2017","5501 SOUTH MCCOLL","EDINBURG",78539,"HIDALGO",9563628677,"Acute Care Hospitals",TRUE,TRUE,2,"Same as the national average","Below the national average",NA,"Below the national average","Below the national average","Same as the national average","Below the national average","Below the national average","EDINBURG","Point",-98.204109,26.252424,"5501 SOUTH MCCOLL",78539,"TX",NA,NA,NA,NA,NA,NA,NA
"43",9301,"OKLAHOMA HEART HOSPITAL SOUTH, LLC",370234,"OK","AMI",528,NA,0.969,15.7126,16.2148,81,"07/01/2014","06/30/2017","5200 EAST I-240 SERVICE ROAD","OKLAHOMA CITY",73135,"OKLAHOMA",4056286000,"Acute Care Hospitals",TRUE,TRUE,5,"Above the national average","Below the national average",NA,"Above the national average","Above the national average","Same as the national average","Above the national average","Same as the national average","OKLAHOMA CITY","Point",-97.426999,35.390255,"5200 EAST I-240 SERVICE ROAD",73135,"OK",NA,NA,NA,NA,NA,NA,NA
"44",9302,"OKLAHOMA HEART HOSPITAL SOUTH, LLC",370234,"OK","CABG",265,NA,0.9465,14.8975,15.7401,38,"07/01/2014","06/30/2017","5200 EAST I-240 SERVICE ROAD","OKLAHOMA CITY",73135,"OKLAHOMA",4056286000,"Acute Care Hospitals",TRUE,TRUE,5,"Above the national average","Below the national average",NA,"Above the national average","Above the national average","Same as the national average","Above the national average","Same as the national average","OKLAHOMA CITY","Point",-97.426999,35.390255,"5200 EAST I-240 SERVICE ROAD",73135,"OK",NA,NA,NA,NA,NA,NA,NA
"45",9303,"OKLAHOMA HEART HOSPITAL SOUTH, LLC",370234,"OK","COPD",124,NA,0.9966,20.3711,20.4414,25,"07/01/2014","06/30/2017","5200 EAST I-240 SERVICE ROAD","OKLAHOMA CITY",73135,"OKLAHOMA",4056286000,"Acute Care Hospitals",TRUE,TRUE,5,"Above the national average","Below the national average",NA,"Above the national average","Above the national average","Same as the national average","Above the national average","Same as the national average","OKLAHOMA CITY","Point",-97.426999,35.390255,"5200 EAST I-240 SERVICE ROAD",73135,"OK",NA,NA,NA,NA,NA,NA,NA
"46",9304,"OKLAHOMA HEART HOSPITAL SOUTH, LLC",370234,"OK","HF",678,NA,0.8895,20.2837,22.8047,130,"07/01/2014","06/30/2017","5200 EAST I-240 SERVICE ROAD","OKLAHOMA CITY",73135,"OKLAHOMA",4056286000,"Acute Care Hospitals",TRUE,TRUE,5,"Above the national average","Below the national average",NA,"Above the national average","Above the national average","Same as the national average","Above the national average","Same as the national average","OKLAHOMA CITY","Point",-97.426999,35.390255,"5200 EAST I-240 SERVICE ROAD",73135,"OK",NA,NA,NA,NA,NA,NA,NA
"47",9306,"OKLAHOMA HEART HOSPITAL SOUTH, LLC",370234,"OK","PN",193,NA,0.9332,17.7306,19.0002,30,"07/01/2014","06/30/2017","5200 EAST I-240 SERVICE ROAD","OKLAHOMA CITY",73135,"OKLAHOMA",4056286000,"Acute Care Hospitals",TRUE,TRUE,5,"Above the national average","Below the national average",NA,"Above the national average","Above the national average","Same as the national average","Above the national average","Same as the national average","OKLAHOMA CITY","Point",-97.426999,35.390255,"5200 EAST I-240 SERVICE ROAD",73135,"OK",NA,NA,NA,NA,NA,NA,NA
"48",9389,"PHYSICIANS' MEDICAL CENTER LLC",150172,"IN","HIP_KNEE",NA,"5 - Results are not available for this reporting period.",0.9699,3.234,3.3344,NA,"07/01/2014","06/30/2017","4023 REAS LN","NEW ALBANY",47150,"FLOYD",8122067660,"Acute Care Hospitals",FALSE,NA,5,NA,NA,"Results are not available for this reporting period.","Same as the national average","Above the national average","Below the national average",NA,NA,"NEW ALBANY","Point",-85.827064,38.340032,"4023 REAS LN",47150,"IN",NA,"There are too few measures or measure groups reported to calculate a star rating or measure group score.",NA,NA,"There are too few measures or measure groups reported to calculate a star rating or measure group score.","There are too few measures or measure groups reported to calculate a star rating or measure group score.",NA
"49",10213,"SOUTHWEST GENERAL HOSPITAL",450697,"TX","AMI",146,NA,1.0417,18.0675,17.345,29,"07/01/2014","06/30/2017","7400 BARLITE BLVD","SAN ANTONIO",78224,"BEXAR",2109212000,"Acute Care Hospitals",TRUE,TRUE,1,"Same as the national average","Below the national average",NA,"Above the national average","Below the national average","Below the national average","Below the national average",NA,"SAN ANTONIO","Point",-98.546589,29.352988,"7400 BARLITE BLVD",78224,"TX",NA,NA,NA,NA,"Results are not available for this reporting period.",NA,NA
"50",10215,"SOUTHWEST GENERAL HOSPITAL",450697,"TX","COPD",83,NA,1.0101,21.9427,21.7235,19,"07/01/2014","06/30/2017","7400 BARLITE BLVD","SAN ANTONIO",78224,"BEXAR",2109212000,"Acute Care Hospitals",TRUE,TRUE,1,"Same as the national average","Below the national average",NA,"Above the national average","Below the national average","Below the national average","Below the national average",NA,"SAN ANTONIO","Point",-98.546589,29.352988,"7400 BARLITE BLVD",78224,"TX",NA,NA,NA,NA,"Results are not available for this reporting period.",NA,NA
"51",10216,"SOUTHWEST GENERAL HOSPITAL",450697,"TX","HF",151,NA,0.9382,23.3319,24.87,31,"07/01/2014","06/30/2017","7400 BARLITE BLVD","SAN ANTONIO",78224,"BEXAR",2109212000,"Acute Care Hospitals",TRUE,TRUE,1,"Same as the national average","Below the national average",NA,"Above the national average","Below the national average","Below the national average","Below the national average",NA,"SAN ANTONIO","Point",-98.546589,29.352988,"7400 BARLITE BLVD",78224,"TX",NA,NA,NA,NA,"Results are not available for this reporting period.",NA,NA
"52",10218,"SOUTHWEST GENERAL HOSPITAL",450697,"TX","PN",150,NA,0.9867,18.5554,18.8063,27,"07/01/2014","06/30/2017","7400 BARLITE BLVD","SAN ANTONIO",78224,"BEXAR",2109212000,"Acute Care Hospitals",TRUE,TRUE,1,"Same as the national average","Below the national average",NA,"Above the national average","Below the national average","Below the national average","Below the national average",NA,"SAN ANTONIO","Point",-98.546589,29.352988,"7400 BARLITE BLVD",78224,"TX",NA,NA,NA,NA,"Results are not available for this reporting period.",NA,NA
"53",10301,"SURGICAL SPECIALTY CENTER AT COORDINATED HEALTH",390321,"PA","HIP_KNEE",628,NA,1.0856,4.35,4.0072,29,"07/01/2014","06/30/2017","1503 CEDAR CREST BOULEVARD","ALLENTOWN",18104,"LEHIGH",6108719110,"Acute Care Hospitals",FALSE,NA,NA,NA,NA,"Results are not available for this reporting period.",NA,"Above the national average",NA,NA,"Same as the national average","ALLENTOWN","Point",-75.53275,40.61219,"1503 CEDAR CREST BOULEVARD",18104,"PA","There are too few measures or measure groups reported to calculate a star rating or measure group score.","There are too few measures or measure groups reported to calculate a star rating or measure group score.","Results are not available for this reporting period.",NA,NA,"There are too few measures or measure groups reported to calculate a star rating or measure group score.","Results are not available for this reporting period."
"54",10355,"TOPS SURGICAL SPECIALTY HOSPITAL",450774,"TX","HIP_KNEE",NA,"5 - Results are not available for this reporting period.",0.8728,2.9635,3.3954,NA,"07/01/2014","06/30/2017","17080 RED OAK DRIVE","HOUSTON",77090,"HARRIS",2815392900,"Acute Care Hospitals",TRUE,NA,5,NA,NA,"Results are not available for this reporting period.","Above the national average","Above the national average","Same as the national average",NA,NA,"HOUSTON","Point",-95.444846,30.018542,"17080 RED OAK DRIVE",77090,"TX",NA,"There are too few measures or measure groups reported to calculate a star rating or measure group score.",NA,NA,"There are too few measures or measure groups reported to calculate a star rating or measure group score.","Results are not available for this reporting period.",NA
"55",10451,"EDGEWOOD SURGICAL HOSPITAL",390307,"PA","HIP_KNEE",NA,"5 - Results are not available for this reporting period.",0.9757,3.4952,3.5823,NA,"07/01/2014","06/30/2017","239 EDGEWOOD DRIVE EXTENSION","TRANSFER",16154,"MERCER",7246460400,"Acute Care Hospitals",FALSE,TRUE,NA,NA,NA,"Results are not available for this reporting period.",NA,NA,"Same as the national average",NA,NA,"TRANSFER","Point",-80.417855,41.330051,"239 EDGEWOOD DRIVE EXTENSION",16154,"PA","There are too few measures or measure groups reported to calculate a star rating or measure group score.","There are too few measures or measure groups reported to calculate a star rating or measure group score.","Results are not available for this reporting period.","There are too few measures or measure groups reported to calculate a star rating or measure group score.","There are too few measures or measure groups reported to calculate a star rating or measure group score.","There are too few measures or measure groups reported to calculate a star rating or measure group score.",NA
"56",10611,"SCRIPPS MEMORIAL HOSPITAL LA JOLLA",50324,"CA","AMI",259,NA,0.9054,13.5332,14.9476,29,"07/01/2014","06/30/2017","9888 GENESEE AVENUE","LA JOLLA",92037,"SAN DIEGO",8586264123,"Acute Care Hospitals",TRUE,TRUE,5,"Same as the national average","Above the national average",NA,"Above the national average","Above the national average","Same as the national average","Same as the national average","Same as the national average","LA JOLLA","Point",-117.223022,32.8855,"9888 GENESEE AVENUE",92037,"CA",NA,NA,NA,NA,NA,NA,NA
"57",10612,"SCRIPPS MEMORIAL HOSPITAL LA JOLLA",50324,"CA","CABG",NA,"5 - Results are not available for this reporting period.",0.8212,9.9109,12.0686,NA,"07/01/2014","06/30/2017","9888 GENESEE AVENUE","LA JOLLA",92037,"SAN DIEGO",8586264123,"Acute Care Hospitals",TRUE,TRUE,5,"Same as the national average","Above the national average",NA,"Above the national average","Above the national average","Same as the national average","Same as the national average","Same as the national average","LA JOLLA","Point",-117.223022,32.8855,"9888 GENESEE AVENUE",92037,"CA",NA,NA,NA,NA,NA,NA,NA
"58",10613,"SCRIPPS MEMORIAL HOSPITAL LA JOLLA",50324,"CA","COPD",124,NA,0.9471,18.5927,19.631,19,"07/01/2014","06/30/2017","9888 GENESEE AVENUE","LA JOLLA",92037,"SAN DIEGO",8586264123,"Acute Care Hospitals",TRUE,TRUE,5,"Same as the national average","Above the national average",NA,"Above the national average","Above the national average","Same as the national average","Same as the national average","Same as the national average","LA JOLLA","Point",-117.223022,32.8855,"9888 GENESEE AVENUE",92037,"CA",NA,NA,NA,NA,NA,NA,NA
"59",10614,"SCRIPPS MEMORIAL HOSPITAL LA JOLLA",50324,"CA","HF",490,NA,0.9137,19.3269,21.1515,89,"07/01/2014","06/30/2017","9888 GENESEE AVENUE","LA JOLLA",92037,"SAN DIEGO",8586264123,"Acute Care Hospitals",TRUE,TRUE,5,"Same as the national average","Above the national average",NA,"Above the national average","Above the national average","Same as the national average","Same as the national average","Same as the national average","LA JOLLA","Point",-117.223022,32.8855,"9888 GENESEE AVENUE",92037,"CA",NA,NA,NA,NA,NA,NA,NA
"60",10615,"SCRIPPS MEMORIAL HOSPITAL LA JOLLA",50324,"CA","HIP_KNEE",NA,"5 - Results are not available for this reporting period.",0.6584,2.6975,4.0969,NA,"07/01/2014","06/30/2017","9888 GENESEE AVENUE","LA JOLLA",92037,"SAN DIEGO",8586264123,"Acute Care Hospitals",TRUE,TRUE,5,"Same as the national average","Above the national average",NA,"Above the national average","Above the national average","Same as the national average","Same as the national average","Same as the national average","LA JOLLA","Point",-117.223022,32.8855,"9888 GENESEE AVENUE",92037,"CA",NA,NA,NA,NA,NA,NA,NA
"61",10616,"SCRIPPS MEMORIAL HOSPITAL LA JOLLA",50324,"CA","PN",582,NA,0.8794,13.482,15.3302,71,"07/01/2014","06/30/2017","9888 GENESEE AVENUE","LA JOLLA",92037,"SAN DIEGO",8586264123,"Acute Care Hospitals",TRUE,TRUE,5,"Same as the national average","Above the national average",NA,"Above the national average","Above the national average","Same as the national average","Same as the national average","Same as the national average","LA JOLLA","Point",-117.223022,32.8855,"9888 GENESEE AVENUE",92037,"CA",NA,NA,NA,NA,NA,NA,NA
"62",11045,"MIDWEST ORTHOPEDIC SPECIALTY HOSPITAL",520205,"WI","HIP_KNEE",737,NA,0.8893,3.4457,3.8746,23,"07/01/2014","06/30/2017","10101 SOUTH 27TH ST  2ND FLOOR","FRANKLIN",53132,"MILWAUKEE",4148175800,"Acute Care Hospitals",FALSE,TRUE,NA,NA,NA,"Results are not available for this reporting period.",NA,"Above the national average",NA,NA,NA,"FRANKLIN","Point",-87.951723,42.860129,"10101 SOUTH 27TH ST 2ND FLOOR",53132,"WI","There are too few measures or measure groups reported to calculate a star rating or measure group score.","There are too few measures or measure groups reported to calculate a star rating or measure group score.","Results are not available for this reporting period.",NA,"There are too few measures or measure groups reported to calculate a star rating or measure group score.","There are too few measures or measure groups reported to calculate a star rating or measure group score.","Results are not available for this reporting period."
"63",11294,"THE HEART HOSPITAL BAYLOR DENTON",450893,"TX","AMI",53,NA,1.0855,13.4245,12.3671,12,"07/01/2014","06/30/2017","2801 SOUTH MAYHILL ROAD","DENTON",76208,"DENTON",9402200600,"Acute Care Hospitals",TRUE,TRUE,4,NA,NA,"Results are not available for this reporting period.","Below the national average","Above the national average","Same as the national average","Above the national average",NA,"DENTON","Point",-97.088199,33.17697,"2801 SOUTH MAYHILL ROAD",76208,"TX",NA,"Results are not available for this reporting period.",NA,NA,"There are too few measures or measure groups reported to calculate a star rating or measure group score.",NA,NA
"64",11295,"THE HEART HOSPITAL BAYLOR DENTON",450893,"TX","CABG",135,NA,0.998,11.8897,11.9136,16,"07/01/2014","06/30/2017","2801 SOUTH MAYHILL ROAD","DENTON",76208,"DENTON",9402200600,"Acute Care Hospitals",TRUE,TRUE,4,NA,NA,"Results are not available for this reporting period.","Below the national average","Above the national average","Same as the national average","Above the national average",NA,"DENTON","Point",-97.088199,33.17697,"2801 SOUTH MAYHILL ROAD",76208,"TX",NA,"Results are not available for this reporting period.",NA,NA,"There are too few measures or measure groups reported to calculate a star rating or measure group score.",NA,NA
"65",11297,"THE HEART HOSPITAL BAYLOR DENTON",450893,"TX","HF",NA,"5 - Results are not available for this reporting period.",0.984,19.2474,19.5609,NA,"07/01/2014","06/30/2017","2801 SOUTH MAYHILL ROAD","DENTON",76208,"DENTON",9402200600,"Acute Care Hospitals",TRUE,TRUE,4,NA,NA,"Results are not available for this reporting period.","Below the national average","Above the national average","Same as the national average","Above the national average",NA,"DENTON","Point",-97.088199,33.17697,"2801 SOUTH MAYHILL ROAD",76208,"TX",NA,"Results are not available for this reporting period.",NA,NA,"There are too few measures or measure groups reported to calculate a star rating or measure group score.",NA,NA
"66",11921,"ANIMAS SURGICAL HOSPITAL, LLC",60117,"CO","HIP_KNEE",NA,"5 - Results are not available for this reporting period.",0.9207,3.0235,3.2839,NA,"07/01/2014","06/30/2017","575 RIVERGATE LANE","DURANGO",81301,"LA PLATA",9702473537,"Acute Care Hospitals",TRUE,TRUE,NA,NA,NA,"Results are not available for this reporting period.",NA,"Above the national average","Same as the national average","Above the national average",NA,"DURANGO","Point",-107.870774,37.248889,"575 RIVERGATE LANE",81301,"CO","There are too few measures or measure groups reported to calculate a star rating or measure group score.","There are too few measures or measure groups reported to calculate a star rating or measure group score.","Results are not available for this reporting period.",NA,"Results are not available for this reporting period.",NA,NA
"67",12589,"OAKLEAF SURGICAL HOSPITAL",520196,"WI","HIP_KNEE",NA,"5 - Results are not available for this reporting period.",0.8622,2.7009,3.1325,NA,"07/01/2014","06/30/2017","1000 OAKLEAF WAY","ALTOONA",54720,"EAU CLAIRE",7158318130,"Acute Care Hospitals",FALSE,TRUE,5,NA,NA,"Results are not available for this reporting period.","Above the national average","Above the national average","Same as the national average",NA,NA,"ALTOONA","Point",-91.451764,44.815002,"1000 OAKLEAF WAY",54720,"WI",NA,"There are too few measures or measure groups reported to calculate a star rating or measure group score.",NA,NA,"There are too few measures or measure groups reported to calculate a star rating or measure group score.","There are too few measures or measure groups reported to calculate a star rating or measure group score.",NA
"68",13122,"USMD HOSPITAL AT ARLINGTON L P",450872,"TX","HIP_KNEE",NA,"5 - Results are not available for this reporting period.",0.9822,4.2794,4.357,NA,"07/01/2014","06/30/2017","801 W INTERSTATE 20","ARLINGTON",76017,"TARRANT",8174723400,"Acute Care Hospitals",TRUE,NA,2,NA,"Below the national average",NA,"Below the national average","Same as the national average","Same as the national average","Same as the national average",NA,"ARLINGTON","Point",-97.115971,32.679151,"801 W INTERSTATE 20",76017,"TX",NA,"There are too few measures or measure groups reported to calculate a star rating or measure group score.",NA,NA,"Results are not available for this reporting period.",NA,NA
"69",14240,"BAYLOR SCOTT & WHITE TEXAS SPINE & JOINT HOSPITAL",450864,"TX","HIP_KNEE",1323,NA,0.9795,3.9626,4.0454,52,"07/01/2014","06/30/2017","1814 ROSELAND BOULEVARD","TYLER",75701,"SMITH",9035253300,"Acute Care Hospitals",TRUE,TRUE,5,NA,"Above the national average",NA,NA,"Above the national average","Same as the national average","Same as the national average",NA,"TYLER","Point",-95.299467,32.329248,"1814 ROSELAND BOULEVARD",75701,"TX",NA,"There are too few measures or measure groups reported to calculate a star rating or measure group score.","Results are not available for this reporting period.",NA,"Results are not available for this reporting period.",NA,NA
"70",14327,"ONECORE HEALTH",370220,"OK","HIP_KNEE",NA,"5 - Results are not available for this reporting period.",1.1718,4.1806,3.5678,NA,"07/01/2014","06/30/2017","1044 SW 44TH, SUITE 350","OKLAHOMA CITY",73109,"OKLAHOMA",4056313085,"Acute Care Hospitals",TRUE,NA,NA,NA,NA,"Results are not available for this reporting period.",NA,NA,NA,NA,NA,"OKLAHOMA CITY","Point",-97.534136,35.420729,"1044 SW 44TH, SUITE 350",73109,"OK","There are too few measures or measure groups reported to calculate a star rating or measure group score.","There are too few measures or measure groups reported to calculate a star rating or measure group score.","Results are not available for this reporting period.","There are too few measures or measure groups reported to calculate a star rating or measure group score.","Results are not available for this reporting period.","There are too few measures or measure groups reported to calculate a star rating or measure group score.","Results are not available for this reporting period."
"71",14537,"ADVANCED SURGICAL HOSPITAL",390323,"PA","HIP_KNEE",269,NA,1.0208,3.9322,3.852,11,"07/01/2014","06/30/2017","100 TRICH DRIVE","WASHINGTON",15301,"WASHINGTON",7248840710,"Acute Care Hospitals",FALSE,TRUE,NA,NA,NA,"Results are not available for this reporting period.",NA,"Above the national average",NA,NA,NA,"WASHINGTON","Point",-80.280536,40.156723,"100 TRICH DRIVE",15301,"PA","There are too few measures or measure groups reported to calculate a star rating or measure group score.","There are too few measures or measure groups reported to calculate a star rating or measure group score.","Results are not available for this reporting period.",NA,"There are too few measures or measure groups reported to calculate a star rating or measure group score.","There are too few measures or measure groups reported to calculate a star rating or measure group score.","Results are not available for this reporting period."
"72",14560,"UNITED MEMORIAL MEDICAL CENTER",450803,"TX","HF",NA,"5 - Results are not available for this reporting period.",0.9643,19.1157,19.8234,NA,"07/01/2014","06/30/2017","510 W TIDWELL","HOUSTON",77091,"HARRIS",7136911111,"Acute Care Hospitals",TRUE,NA,2,NA,"Same as the national average",NA,NA,NA,"Same as the national average","Below the national average",NA,"HOUSTON","Point",-95.407991,29.847222,"510 W TIDWELL",77091,"TX",NA,"Results are not available for this reporting period.","Results are not available for this reporting period.","There are too few measures or measure groups reported to calculate a star rating or measure group score.","There are too few measures or measure groups reported to calculate a star rating or measure group score.",NA,NA
"73",14688,"SUTTER SURGICAL HOSPITAL - NORTH VALLEY",50766,"CA","HIP_KNEE",NA,"5 - Results are not available for this reporting period.",0.8952,3.6549,4.0828,NA,"07/01/2014","06/30/2017","455 PLUMAS BLVD","YUBA CITY",95991,"SUTTER",5307495700,"Acute Care Hospitals",FALSE,TRUE,NA,NA,NA,"Results are not available for this reporting period.",NA,"Above the national average",NA,NA,NA,"YUBA CITY","Point",-121.613603,39.132167,"455 PLUMAS BLVD",95991,"CA","There are too few measures or measure groups reported to calculate a star rating or measure group score.","There are too few measures or measure groups reported to calculate a star rating or measure group score.","Results are not available for this reporting period.",NA,"There are too few measures or measure groups reported to calculate a star rating or measure group score.","There are too few measures or measure groups reported to calculate a star rating or measure group score.","Results are not available for this reporting period."
"74",15196,"UNITY MEDICAL CENTER",440007,"TN","COPD",81,NA,1.0158,19.5293,19.2252,17,"07/01/2014","06/30/2017","481 INTERSTATE DRIVE","MANCHESTER",37355,"COFFEE",9317283586,"Acute Care Hospitals",TRUE,TRUE,4,"Same as the national average",NA,"Results are not available for this reporting period.","Same as the national average","Same as the national average","Below the national average","Above the national average","Same as the national average","MANCHESTER","Point",-86.078141,35.497932,"481 INTERSTATE DRIVE",37355,"TN",NA,NA,NA,NA,NA,NA,NA
"75",15197,"UNITY MEDICAL CENTER",440007,"TN","HF",NA,"5 - Results are not available for this reporting period.",0.9698,19.471,20.0783,NA,"07/01/2014","06/30/2017","481 INTERSTATE DRIVE","MANCHESTER",37355,"COFFEE",9317283586,"Acute Care Hospitals",TRUE,TRUE,4,"Same as the national average",NA,"Results are not available for this reporting period.","Same as the national average","Same as the national average","Below the national average","Above the national average","Same as the national average","MANCHESTER","Point",-86.078141,35.497932,"481 INTERSTATE DRIVE",37355,"TN",NA,NA,NA,NA,NA,NA,NA
"76",15199,"UNITY MEDICAL CENTER",440007,"TN","PN",239,NA,0.9714,14.5153,14.9432,33,"07/01/2014","06/30/2017","481 INTERSTATE DRIVE","MANCHESTER",37355,"COFFEE",9317283586,"Acute Care Hospitals",TRUE,TRUE,4,"Same as the national average",NA,"Results are not available for this reporting period.","Same as the national average","Same as the national average","Below the national average","Above the national average","Same as the national average","MANCHESTER","Point",-86.078141,35.497932,"481 INTERSTATE DRIVE",37355,"TN",NA,NA,NA,NA,NA,NA,NA
"77",15337,"ST LUKE'S PATIENTS MEDICAL CENTER",670031,"TX","AMI",NA,"5 - Results are not available for this reporting period.",0.9799,14.7623,15.0652,NA,"07/01/2014","06/30/2017","4600 EAST SAM HOUSTON PARKWAY SOUTH","PASADENA",77505,"HARRIS",2814870700,"Acute Care Hospitals",TRUE,TRUE,4,"Same as the national average","Same as the national average",NA,"Above the national average","Same as the national average","Same as the national average","Below the national average","Same as the national average","PASADENA","Point",-95.160714,29.640261,"4600 EAST SAM HOUSTON PARKWAY SOUTH",77505,"TX",NA,NA,NA,NA,NA,NA,NA
"78",15339,"ST LUKE'S PATIENTS MEDICAL CENTER",670031,"TX","COPD",136,NA,0.9449,17.8031,18.8418,20,"07/01/2014","06/30/2017","4600 EAST SAM HOUSTON PARKWAY SOUTH","PASADENA",77505,"HARRIS",2814870700,"Acute Care Hospitals",TRUE,TRUE,4,"Same as the national average","Same as the national average",NA,"Above the national average","Same as the national average","Same as the national average","Below the national average","Same as the national average","PASADENA","Point",-95.160714,29.640261,"4600 EAST SAM HOUSTON PARKWAY SOUTH",77505,"TX",NA,NA,NA,NA,NA,NA,NA
"79",15340,"ST LUKE'S PATIENTS MEDICAL CENTER",670031,"TX","HF",197,NA,0.9788,22.0316,22.5096,42,"07/01/2014","06/30/2017","4600 EAST SAM HOUSTON PARKWAY SOUTH","PASADENA",77505,"HARRIS",2814870700,"Acute Care Hospitals",TRUE,TRUE,4,"Same as the national average","Same as the national average",NA,"Above the national average","Same as the national average","Same as the national average","Below the national average","Same as the national average","PASADENA","Point",-95.160714,29.640261,"4600 EAST SAM HOUSTON PARKWAY SOUTH",77505,"TX",NA,NA,NA,NA,NA,NA,NA
"80",15341,"ST LUKE'S PATIENTS MEDICAL CENTER",670031,"TX","HIP_KNEE",NA,"5 - Results are not available for this reporting period.",0.9903,4.4699,4.5135,NA,"07/01/2014","06/30/2017","4600 EAST SAM HOUSTON PARKWAY SOUTH","PASADENA",77505,"HARRIS",2814870700,"Acute Care Hospitals",TRUE,TRUE,4,"Same as the national average","Same as the national average",NA,"Above the national average","Same as the national average","Same as the national average","Below the national average","Same as the national average","PASADENA","Point",-95.160714,29.640261,"4600 EAST SAM HOUSTON PARKWAY SOUTH",77505,"TX",NA,NA,NA,NA,NA,NA,NA
"81",15342,"ST LUKE'S PATIENTS MEDICAL CENTER",670031,"TX","PN",257,NA,0.8388,14.5967,17.4022,27,"07/01/2014","06/30/2017","4600 EAST SAM HOUSTON PARKWAY SOUTH","PASADENA",77505,"HARRIS",2814870700,"Acute Care Hospitals",TRUE,TRUE,4,"Same as the national average","Same as the national average",NA,"Above the national average","Same as the national average","Same as the national average","Below the national average","Same as the national average","PASADENA","Point",-95.160714,29.640261,"4600 EAST SAM HOUSTON PARKWAY SOUTH",77505,"TX",NA,NA,NA,NA,NA,NA,NA
"82",15359,"KANSAS CITY ORTHOPAEDIC INSTITUTE",170188,"KS","HIP_KNEE",781,NA,0.9401,2.9764,3.1662,22,"07/01/2014","06/30/2017","3651 COLLEGE BLVD","LEAWOOD",66211,"JOHNSON",9133197633,"Acute Care Hospitals",FALSE,TRUE,NA,NA,NA,"Results are not available for this reporting period.",NA,"Above the national average",NA,NA,NA,"LEAWOOD","Point",-94.628235,38.927549,"3651 COLLEGE BLVD",66211,"KS","There are too few measures or measure groups reported to calculate a star rating or measure group score.","There are too few measures or measure groups reported to calculate a star rating or measure group score.","Results are not available for this reporting period.",NA,"Results are not available for this reporting period.","There are too few measures or measure groups reported to calculate a star rating or measure group score.","Results are not available for this reporting period."
"83",15371,"MCBRIDE ORTHOPEDIC HOSPITAL",370222,"OK","HIP_KNEE",2832,NA,0.8791,3.5538,4.0424,98,"07/01/2014","06/30/2017","9600 NORTH BROADWAY EXTENSION","OKLAHOMA CITY",73114,"OKLAHOMA",4054862100,"Acute Care Hospitals",TRUE,TRUE,5,NA,"Above the national average",NA,NA,"Above the national average","Same as the national average","Above the national average",NA,"OKLAHOMA CITY","Point",-97.512802,35.567572,"9600 NORTH BROADWAY EXTENSION",73114,"OK",NA,"Results are not available for this reporting period.","Results are not available for this reporting period.",NA,"Results are not available for this reporting period.",NA,NA
"84",15467,"MIDWEST SURGICAL HOSPITAL LLC",280131,"NE","HIP_KNEE",NA,"5 - Results are not available for this reporting period.",0.9005,2.7688,3.0747,NA,"07/01/2014","06/30/2017","7915 FARNAM DRIVE","OMAHA",68114,"DOUGLAS",4023991900,"Acute Care Hospitals",FALSE,TRUE,NA,NA,NA,"Results are not available for this reporting period.",NA,"Above the national average",NA,NA,NA,"OMAHA","Point",-96.036891,41.258155,"7915 FARNAM DRIVE",68114,"NE","There are too few measures or measure groups reported to calculate a star rating or measure group score.","There are too few measures or measure groups reported to calculate a star rating or measure group score.","Results are not available for this reporting period.",NA,"Results are not available for this reporting period.","There are too few measures or measure groups reported to calculate a star rating or measure group score.","Results are not available for this reporting period."
"85",15775,"OKLAHOMA HEART HOSPITAL, LLC",370215,"OK","AMI",1146,NA,0.8112,11.8235,14.5757,123,"07/01/2014","06/30/2017","4050 WEST MEMORIAL ROAD","OKLAHOMA CITY",73120,"OKLAHOMA",4056083200,"Acute Care Hospitals",TRUE,TRUE,5,"Above the national average","Above the national average",NA,"Above the national average","Above the national average","Same as the national average","Above the national average","Same as the national average","OKLAHOMA CITY","Point",-97.596201,35.609035,"4050 WEST MEMORIAL ROAD",73120,"OK",NA,NA,NA,NA,NA,NA,NA
"86",15776,"OKLAHOMA HEART HOSPITAL, LLC",370215,"OK","CABG",620,NA,0.7821,10.0345,12.8309,56,"07/01/2014","06/30/2017","4050 WEST MEMORIAL ROAD","OKLAHOMA CITY",73120,"OKLAHOMA",4056083200,"Acute Care Hospitals",TRUE,TRUE,5,"Above the national average","Above the national average",NA,"Above the national average","Above the national average","Same as the national average","Above the national average","Same as the national average","OKLAHOMA CITY","Point",-97.596201,35.609035,"4050 WEST MEMORIAL ROAD",73120,"OK",NA,NA,NA,NA,NA,NA,NA
"87",15777,"OKLAHOMA HEART HOSPITAL, LLC",370215,"OK","COPD",265,NA,0.9077,18.6066,20.4979,42,"07/01/2014","06/30/2017","4050 WEST MEMORIAL ROAD","OKLAHOMA CITY",73120,"OKLAHOMA",4056083200,"Acute Care Hospitals",TRUE,TRUE,5,"Above the national average","Above the national average",NA,"Above the national average","Above the national average","Same as the national average","Above the national average","Same as the national average","OKLAHOMA CITY","Point",-97.596201,35.609035,"4050 WEST MEMORIAL ROAD",73120,"OK",NA,NA,NA,NA,NA,NA,NA
"88",15778,"OKLAHOMA HEART HOSPITAL, LLC",370215,"OK","HF",1242,NA,0.7574,16.3626,21.604,186,"07/01/2014","06/30/2017","4050 WEST MEMORIAL ROAD","OKLAHOMA CITY",73120,"OKLAHOMA",4056083200,"Acute Care Hospitals",TRUE,TRUE,5,"Above the national average","Above the national average",NA,"Above the national average","Above the national average","Same as the national average","Above the national average","Same as the national average","OKLAHOMA CITY","Point",-97.596201,35.609035,"4050 WEST MEMORIAL ROAD",73120,"OK",NA,NA,NA,NA,NA,NA,NA
"89",15780,"OKLAHOMA HEART HOSPITAL, LLC",370215,"OK","PN",350,NA,0.9351,16.869,18.0392,55,"07/01/2014","06/30/2017","4050 WEST MEMORIAL ROAD","OKLAHOMA CITY",73120,"OKLAHOMA",4056083200,"Acute Care Hospitals",TRUE,TRUE,5,"Above the national average","Above the national average",NA,"Above the national average","Above the national average","Same as the national average","Above the national average","Same as the national average","OKLAHOMA CITY","Point",-97.596201,35.609035,"4050 WEST MEMORIAL ROAD",73120,"OK",NA,NA,NA,NA,NA,NA,NA
"90",15930,"COMMUNITY HOSPITAL, LLC",370203,"OK","HIP_KNEE",489,NA,0.8837,3.5852,4.0571,15,"07/01/2014","06/30/2017","3100 SOUTHWEST 89TH STREET","OKLAHOMA CITY",73159,"OKLAHOMA",4056028100,"Acute Care Hospitals",TRUE,NA,5,NA,NA,"Results are not available for this reporting period.","Above the national average","Above the national average","Same as the national average","Same as the national average","Below the national average","OKLAHOMA CITY","Point",-97.570453,35.377113,"3100 SOUTHWEST 89TH STREET",73159,"OK",NA,"There are too few measures or measure groups reported to calculate a star rating or measure group score.",NA,NA,NA,NA,NA
"91",16992,"MOUNTAIN VIEW HOSPITAL",130065,"ID","HIP_KNEE",689,NA,0.8496,2.9472,3.4688,17,"07/01/2014","06/30/2017","2325 CORONADO STREET","IDAHO FALLS",83404,"BONNEVILLE",2085572700,"Acute Care Hospitals",FALSE,TRUE,5,NA,"Above the national average",NA,"Above the national average","Above the national average","Same as the national average",NA,"Same as the national average","IDAHO FALLS","Point",-111.988717,43.472524,"2325 CORONADO STREET",83404,"ID",NA,"There are too few measures or measure groups reported to calculate a star rating or measure group score.",NA,NA,NA,"There are too few measures or measure groups reported to calculate a star rating or measure group score.",NA
"92",17190,"COORDINATED HEALTH ORTHOPEDIC HOSPITAL",390314,"PA","HIP_KNEE",881,NA,1.0302,4.5838,4.4492,41,"07/01/2014","06/30/2017","2310 HIGHLAND AVENUE","BETHLEHEM",18017,"NORTHAMPTON",6106914300,"Acute Care Hospitals",FALSE,NA,NA,NA,NA,"Results are not available for this reporting period.","Above the national average","Above the national average",NA,NA,NA,"BETHLEHEM","Point",-75.365401,40.673762,"2310 HIGHLAND AVENUE",18017,"PA","There are too few measures or measure groups reported to calculate a star rating or measure group score.","There are too few measures or measure groups reported to calculate a star rating or measure group score.",NA,NA,"There are too few measures or measure groups reported to calculate a star rating or measure group score.","There are too few measures or measure groups reported to calculate a star rating or measure group score.","Results are not available for this reporting period."
"93",17639,"CYPRESS POINTE SURGICAL HOSPITAL",190303,"LA","HIP_KNEE",NA,"5 - Results are not available for this reporting period.",1.0222,4.6504,4.5492,NA,"07/01/2014","06/30/2017","42570 SOUTH AIRPORT RD","HAMMOND",70403,"TANGIPAHOA",9855106200,"Acute Care Hospitals",FALSE,NA,4,NA,NA,"Results are not available for this reporting period.","Below the national average","Above the national average","Same as the national average",NA,NA,"HAMMOND","Point",-90.414264,30.477042,"42570 SOUTH AIRPORT RD",70403,"LA",NA,"There are too few measures or measure groups reported to calculate a star rating or measure group score.",NA,NA,"Results are not available for this reporting period.","There are too few measures or measure groups reported to calculate a star rating or measure group score.",NA
"94",18315,"MENIFEE VALLEY MEDICAL CENTER",50684,"CA","COPD",81,NA,0.9913,16.8305,16.9774,13,"07/01/2014","06/30/2017","28400 MCCALL B0ULEVARD","SUN CITY",92585,"RIVERSIDE",9516798888,"Acute Care Hospitals",FALSE,TRUE,2,"Same as the national average","Above the national average",NA,"Same as the national average","Below the national average","Same as the national average","Below the national average",NA,"SUN CITY",NA,NA,NA,"28400 MCCALL B0ULEVARD",92585,"CA",NA,NA,NA,NA,"Results are not available for this reporting period.",NA,NA
"95",18316,"MENIFEE VALLEY MEDICAL CENTER",50684,"CA","HF",62,NA,1.0834,20.8454,19.2407,18,"07/01/2014","06/30/2017","28400 MCCALL B0ULEVARD","SUN CITY",92585,"RIVERSIDE",9516798888,"Acute Care Hospitals",FALSE,TRUE,2,"Same as the national average","Above the national average",NA,"Same as the national average","Below the national average","Same as the national average","Below the national average",NA,"SUN CITY",NA,NA,NA,"28400 MCCALL B0ULEVARD",92585,"CA",NA,NA,NA,NA,"Results are not available for this reporting period.",NA,NA
"96",18318,"MENIFEE VALLEY MEDICAL CENTER",50684,"CA","PN",95,NA,0.9632,14.9535,15.5249,12,"07/01/2014","06/30/2017","28400 MCCALL B0ULEVARD","SUN CITY",92585,"RIVERSIDE",9516798888,"Acute Care Hospitals",FALSE,TRUE,2,"Same as the national average","Above the national average",NA,"Same as the national average","Below the national average","Same as the national average","Below the national average",NA,"SUN CITY",NA,NA,NA,"28400 MCCALL B0ULEVARD",92585,"CA",NA,NA,NA,NA,"Results are not available for this reporting period.",NA,NA
"97",18367,"HEMET VALLEY MEDICAL CENTER",50390,"CA","AMI",NA,"5 - Results are not available for this reporting period.",0.961,16.2132,16.872,NA,"07/01/2014","06/30/2017","1117 EAST DEVONSHIRE","HEMET",92543,"RIVERSIDE",9516522811,"Acute Care Hospitals",TRUE,TRUE,1,"Same as the national average","Below the national average",NA,"Below the national average","Below the national average","Same as the national average","Below the national average","Below the national average","HEMET","Point",-116.959859,33.75122,"1117 EAST DEVONSHIRE",92543,"CA",NA,NA,NA,NA,NA,NA,NA
"98",18369,"HEMET VALLEY MEDICAL CENTER",50390,"CA","COPD",259,NA,1.1152,21.8541,19.5963,65,"07/01/2014","06/30/2017","1117 EAST DEVONSHIRE","HEMET",92543,"RIVERSIDE",9516522811,"Acute Care Hospitals",TRUE,TRUE,1,"Same as the national average","Below the national average",NA,"Below the national average","Below the national average","Same as the national average","Below the national average","Below the national average","HEMET","Point",-116.959859,33.75122,"1117 EAST DEVONSHIRE",92543,"CA",NA,NA,NA,NA,NA,NA,NA
"99",18370,"HEMET VALLEY MEDICAL CENTER",50390,"CA","HF",232,NA,0.9943,21.2802,21.4026,49,"07/01/2014","06/30/2017","1117 EAST DEVONSHIRE","HEMET",92543,"RIVERSIDE",9516522811,"Acute Care Hospitals",TRUE,TRUE,1,"Same as the national average","Below the national average",NA,"Below the national average","Below the national average","Same as the national average","Below the national average","Below the national average","HEMET","Point",-116.959859,33.75122,"1117 EAST DEVONSHIRE",92543,"CA",NA,NA,NA,NA,NA,NA,NA
"100",18371,"HEMET VALLEY MEDICAL CENTER",50390,"CA","HIP_KNEE",NA,"5 - Results are not available for this reporting period.",0.9935,6.1535,6.1937,NA,"07/01/2014","06/30/2017","1117 EAST DEVONSHIRE","HEMET",92543,"RIVERSIDE",9516522811,"Acute Care Hospitals",TRUE,TRUE,1,"Same as the national average","Below the national average",NA,"Below the national average","Below the national average","Same as the national average","Below the national average","Below the national average","HEMET","Point",-116.959859,33.75122,"1117 EAST DEVONSHIRE",92543,"CA",NA,NA,NA,NA,NA,NA,NA
"101",18372,"HEMET VALLEY MEDICAL CENTER",50390,"CA","PN",279,NA,1.058,18.4746,17.4616,55,"07/01/2014","06/30/2017","1117 EAST DEVONSHIRE","HEMET",92543,"RIVERSIDE",9516522811,"Acute Care Hospitals",TRUE,TRUE,1,"Same as the national average","Below the national average",NA,"Below the national average","Below the national average","Same as the national average","Below the national average","Below the national average","HEMET","Point",-116.959859,33.75122,"1117 EAST DEVONSHIRE",92543,"CA",NA,NA,NA,NA,NA,NA,NA
